product_url,image_url,product_name,product_price
https://www.glassesshop.com/eyeglasses/fp2047,"https://glassesshop-res.cloudinary.com/c_fill,f_auto,fl_lossy,q_auto,w_800,h_400,c_pad/products/202002/5e436927dcd1f.jpg","
                                    Libra
                                ",$24.95
https://www.glassesshop.com/eyeglasses/fm1466,"https://glassesshop-res.cloudinary.com/c_fill,f_auto,fl_lossy,q_auto,w_800,h_400,c_pad/products/202007/5f23c550d52c8.jpg","
                                    Benjamin
                                ",$29.95
https://www.glassesshop.com/eyeglasses/fz1461,"https://glassesshop-res.cloudinary.com/c_fill,f_auto,fl_lossy,q_auto,w_800,h_400,c_pad/products/202007/5f23c58247a31.jpg","
                                    Prairie
                                ",$34.95
https://www.glassesshop.com/eyeglasses/fm1286,"https://glassesshop-res.cloudinary.com/c_fill,f_auto,fl_lossy,q_auto,w_800,h_400,c_pad/products/201807/5b5fc1cbabfd3.jpg","
                                    Lyndon
                                ",$19.95
https://www.glassesshop.com/eyeglasses/fp2134,"https://glassesshop-res.cloudinary.com/c_fill,f_auto,fl_lossy,q_auto,w_800,h_400,c_pad/products/202010/5f92387c930d2.jpg","
                                    Taurus
                                ",$24.95
,,,
https://www.glassesshop.com/eyeglasses/fm1354,"https://glassesshop-res.cloudinary.com/c_fill,f_auto,fl_lossy,q_auto,w_800,h_400,c_pad/products/201812/5c2436744d755.jpg","
                                    Haywood
                                ",$29.95
https://www.glassesshop.com/eyeglasses/fp2108,"https://glassesshop-res.cloudinary.com/c_fill,f_auto,fl_lossy,q_auto,w_800,h_400,c_pad/products/202006/5ef06e49289e8.jpg","
                                    Gulfport
                                ",$19.95
https://www.glassesshop.com/eyeglasses/fz1491,"https://glassesshop-res.cloudinary.com/c_fill,f_auto,fl_lossy,q_auto,w_800,h_400,c_pad/products/202008/5f30c11c43504.jpg","
                                    Joplin
                                ",$24.95
https://www.glassesshop.com/eyeglasses/fp2106,"https://glassesshop-res.cloudinary.com/c_fill,f_auto,fl_lossy,q_auto,w_800,h_400,c_pad/products/202006/5ef06e3be5b29.jpg","
                                    Gulfport
                                ",$19.95
https://www.glassesshop.com/eyeglasses/fm1385,"https://glassesshop-res.cloudinary.com/c_fill,f_auto,fl_lossy,q_auto,w_800,h_400,c_pad/products/201906/5d0318962738c.jpg","
                                    Riverside
                                ",$19.95
https://www.glassesshop.com/eyeglasses/sm0795,"https://glassesshop-res.cloudinary.com/c_fill,f_auto,fl_lossy,q_auto,w_800,h_400,c_pad/products/201803/5ab4ad568da24.jpg","
                                    Martin
                                ",$29.95
https://www.glassesshop.com/eyeglasses/fp2071,"https://glassesshop-res.cloudinary.com/c_fill,f_auto,fl_lossy,q_auto,w_800,h_400,c_pad/products/202011/5fb61cb23c74f.jpg","
                                    Taurus
                                ",$24.95
https://www.glassesshop.com/eyeglasses/fm1499,"https://glassesshop-res.cloudinary.com/c_fill,f_auto,fl_lossy,q_auto,w_800,h_400,c_pad/products/202009/5f616c77218e1.jpg","
                                    Saxton
                                ",$59
https://www.glassesshop.com/eyeglasses/fp2043,"https://glassesshop-res.cloudinary.com/c_fill,f_auto,fl_lossy,q_auto,w_800,h_400,c_pad/products/202002/5e43690c5abed.jpg","
                                    Taurus
                                ",$24.95
https://www.glassesshop.com/eyeglasses/fz1297,"https://glassesshop-res.cloudinary.com/c_fill,f_auto,fl_lossy,q_auto,w_800,h_400,c_pad/products/201901/5c34038819040.jpg","
                                    Hume
                                ",$29.95
https://www.glassesshop.com/eyeglasses/sm0860,"https://glassesshop-res.cloudinary.com/c_fill,f_auto,fl_lossy,q_auto,w_800,h_400,c_pad/products/201811/5be942fd85246.jpg","
                                    Willie
                                ",$19.95
https://www.glassesshop.com/eyeglasses/fm1263,"https://glassesshop-res.cloudinary.com/c_fill,f_auto,fl_lossy,q_auto,w_800,h_400,c_pad/products/201906/5cf730e7199e1.jpg","
                                    Rochester
                                ",$29.95
,,,
https://www.glassesshop.com/eyeglasses/fp2035,"https://glassesshop-res.cloudinary.com/c_fill,f_auto,fl_lossy,q_auto,w_800,h_400,c_pad/products/201911/5dbfed0443ba6.jpg","
                                    Oberlin
                                ",$19.95
https://www.glassesshop.com/eyeglasses/fp2034,"https://glassesshop-res.cloudinary.com/c_fill,f_auto,fl_lossy,q_auto,w_800,h_400,c_pad/products/202004/5e914ad7729d1.jpg","
                                    Oberlin
                                ",$19.95
https://www.glassesshop.com/eyeglasses/fp1979,"https://glassesshop-res.cloudinary.com/c_fill,f_auto,fl_lossy,q_auto,w_800,h_400,c_pad/products/201910/5d9ff99262ec8.jpg","
                                    Bronx
                                ",$12.95
,,,
https://www.glassesshop.com/eyeglasses/fp2033,"https://glassesshop-res.cloudinary.com/c_fill,f_auto,fl_lossy,q_auto,w_800,h_400,c_pad/products/202004/5e914acfb151e.jpg","
                                    Oberlin
                                ",$19.95
https://www.glassesshop.com/eyeglasses/fp2032,"https://glassesshop-res.cloudinary.com/c_fill,f_auto,fl_lossy,q_auto,w_800,h_400,c_pad/products/202001/5e28f5ef67b87.jpg","
                                    Oberlin
                                ",$19.95
https://www.glassesshop.com/eyeglasses/fp2010,"https://glassesshop-res.cloudinary.com/c_fill,f_auto,fl_lossy,q_auto,w_800,h_400,c_pad/products/202009/5f59eebc9cbbb.jpg","
                                    Cooksville
                                ",$12.95
https://www.glassesshop.com/eyeglasses/fp1992,"https://glassesshop-res.cloudinary.com/c_fill,f_auto,fl_lossy,q_auto,w_800,h_400,c_pad/products/202003/5e818fa52dff3.jpg","
                                    Asheville
                                ",$12.95
https://www.glassesshop.com/eyeglasses/fp2013,"https://glassesshop-res.cloudinary.com/c_fill,f_auto,fl_lossy,q_auto,w_800,h_400,c_pad/products/201910/5db16a54c2f90.jpg","
                                    Rainbow
                                ",$19.95
https://www.glassesshop.com/eyeglasses/fz1391,"https://glassesshop-res.cloudinary.com/c_fill,f_auto,fl_lossy,q_auto,w_800,h_400,c_pad/products/202010/5f7d1f0680845.jpg","
                                    Miami
                                ",$29.95
https://www.glassesshop.com/eyeglasses/fz1382,"https://glassesshop-res.cloudinary.com/c_fill,f_auto,fl_lossy,q_auto,w_800,h_400,c_pad/products/201908/5d4d19da206dc.jpg","
                                    Lindsay
                                ",$29.95
https://www.glassesshop.com/eyeglasses/fz1313,"https://glassesshop-res.cloudinary.com/c_fill,f_auto,fl_lossy,q_auto,w_800,h_400,c_pad/products/201906/5cf8ca4e950be.jpg","
                                    Whittier
                                ",$29.95
https://www.glassesshop.com/eyeglasses/fp1991,"https://glassesshop-res.cloudinary.com/c_fill,f_auto,fl_lossy,q_auto,w_800,h_400,c_pad/products/201910/5d9ff9e36f637.jpg","
                                    Asheville
                                ",$12.95
https://www.glassesshop.com/eyeglasses/ft0326,"https://glassesshop-res.cloudinary.com/c_fill,f_auto,fl_lossy,q_auto,w_800,h_400,c_pad/products/201908/5d4d18062d09d.jpg","
                                    Dubois
                                ",$49.95
https://www.glassesshop.com/eyeglasses/sup0711,"https://glassesshop-res.cloudinary.com/c_fill,f_auto,fl_lossy,q_auto,w_800,h_400,c_pad/products/202008/5f4763c0233ac.jpg","
                                    Marlowe
                                ",$19.95
https://www.glassesshop.com/eyeglasses/sm0874,"https://glassesshop-res.cloudinary.com/c_fill,f_auto,fl_lossy,q_auto,w_800,h_400,c_pad/products/202008/5f4763be732a6.jpg","
                                    Horatio
                                ",$19.95
https://www.glassesshop.com/eyeglasses/fz1370,"https://glassesshop-res.cloudinary.com/c_fill,f_auto,fl_lossy,q_auto,w_800,h_400,c_pad/products/202010/5f8d5caa9f47f.jpg","
                                    Maltz
                                ",$29.95
https://www.glassesshop.com/eyeglasses/fm1389,"https://glassesshop-res.cloudinary.com/c_fill,f_auto,fl_lossy,q_auto,w_800,h_400,c_pad/products/202003/5e818f7f62243.jpg","
                                    Celia
                                ",$19.95
https://www.glassesshop.com/eyeglasses/fm1387,"https://glassesshop-res.cloudinary.com/c_fill,f_auto,fl_lossy,q_auto,w_800,h_400,c_pad/products/202006/5edb355fcdc1f.jpg","
                                    Celia
                                ",$19.95
https://www.glassesshop.com/eyeglasses/fp1651,"https://glassesshop-res.cloudinary.com/c_fill,f_auto,fl_lossy,q_auto,w_800,h_400,c_pad/products/201805/5afe7ecab8fb5.jpg","
                                    Owen
                                ",$19.95
https://www.glassesshop.com/eyeglasses/ft0304,"https://glassesshop-res.cloudinary.com/c_fill,f_auto,fl_lossy,q_auto,w_800,h_400,c_pad/products/202008/5f2a866444e94.jpg","
                                    Annabel
                                ",$39.95
https://www.glassesshop.com/eyeglasses/sup0622,"https://glassesshop-res.cloudinary.com/c_fill,f_auto,fl_lossy,q_auto,w_800,h_400,c_pad/products/202006/5ef059f5769cf.jpg","
                                    Wilker
                                ",$29.95
https://www.glassesshop.com/eyeglasses/fz1207,"https://glassesshop-res.cloudinary.com/c_fill,f_auto,fl_lossy,q_auto,w_800,h_400,c_pad/products/201807/5b4c5f5861e84.jpg","
                                    Pete
                                ",$29.95
https://www.glassesshop.com/eyeglasses/fz1437,"https://glassesshop-res.cloudinary.com/c_fill,f_auto,fl_lossy,q_auto,w_800,h_400,c_pad/products/202005/5eb9129de0f65.jpg","
                                    Westlake
                                ",$44.95
https://www.glassesshop.com/eyeglasses/fz1268,"https://glassesshop-res.cloudinary.com/c_fill,f_auto,fl_lossy,q_auto,w_800,h_400,c_pad/products/202008/5f4763b22d61b.jpg","
                                    Genevieve
                                ",$34.95
https://www.glassesshop.com/eyeglasses/fz1250,"https://glassesshop-res.cloudinary.com/c_fill,f_auto,fl_lossy,q_auto,w_800,h_400,c_pad/products/201810/5bbc4f0f35fba.jpg","
                                    Vivian
                                ",$29.95
https://www.glassesshop.com/eyeglasses/fm1243,"https://glassesshop-res.cloudinary.com/c_fill,f_auto,fl_lossy,q_auto,w_800,h_400,c_pad/products/201805/5b05173dea459.jpg","
                                    Burke
                                ",$24.95
https://www.glassesshop.com/eyeglasses/fp1719,"https://glassesshop-res.cloudinary.com/c_fill,f_auto,fl_lossy,q_auto,w_800,h_400,c_pad/products/202010/5f7d1ef8a09c0.jpg","
                                    Jean
                                ",$24.95
https://www.glassesshop.com/eyeglasses/fp1661,"https://glassesshop-res.cloudinary.com/c_fill,f_auto,fl_lossy,q_auto,w_800,h_400,c_pad/products/201805/5af1600395174.jpg","
                                    Derrick
                                ",$24.95
https://www.glassesshop.com/eyeglasses/fp1438,"https://glassesshop-res.cloudinary.com/c_fill,f_auto,fl_lossy,q_auto,w_800,h_400,c_pad/products/202005/5eb91ab6877b6.jpg","
                                    Prince
                                ",$19.95
https://www.glassesshop.com/eyeglasses/fz1088,"https://glassesshop-res.cloudinary.com/c_fill,f_auto,fl_lossy,q_auto,w_800,h_400,c_pad/products/201805/5af25c029b0bc.jpg","
                                    Mandy
                                ",$29.95
https://www.glassesshop.com/eyeglasses/fp1775,"https://glassesshop-res.cloudinary.com/c_fill,f_auto,fl_lossy,q_auto,w_800,h_400,c_pad/products/202005/5ecb7f0816feb.jpg","
                                    Haggai
                                ",$24.95
https://www.glassesshop.com/eyeglasses/fz1032,"https://glassesshop-res.cloudinary.com/c_fill,f_auto,fl_lossy,q_auto,w_800,h_400,c_pad/products/202005/5ebb49c0c1a27.jpg","
                                    Poppy
                                ",$29.95
https://www.glassesshop.com/eyeglasses/fp1841,"https://glassesshop-res.cloudinary.com/c_fill,f_auto,fl_lossy,q_auto,w_800,h_400,c_pad/products/201904/5cb69b512ac04.jpg","
                                    Butler
                                ",$19.95
https://www.glassesshop.com/eyeglasses/ft0405,"https://glassesshop-res.cloudinary.com/c_fill,f_auto,fl_lossy,q_auto,w_800,h_400,c_pad/products/202009/5f5f30e8d3346.jpg","
                                    Oneida
                                ",$44.95
https://www.glassesshop.com/eyeglasses/fm1468,"https://glassesshop-res.cloudinary.com/c_fill,f_auto,fl_lossy,q_auto,w_800,h_400,c_pad/products/202011/5fa21d4a37744.jpg","
                                    Amelia
                                ",$34.95
https://www.glassesshop.com/eyeglasses/fp2046,"https://glassesshop-res.cloudinary.com/c_fill,f_auto,fl_lossy,q_auto,w_800,h_400,c_pad/products/202002/5e43692139cde.jpg","
                                    Libra
                                ",$24.95
https://www.glassesshop.com/eyeglasses/fp2107,"https://glassesshop-res.cloudinary.com/c_fill,f_auto,fl_lossy,q_auto,w_800,h_400,c_pad/products/202006/5ef06e42730a6.jpg","
                                    Gulfport
                                ",$19.95
https://www.glassesshop.com/eyeglasses/fz1411,"https://glassesshop-res.cloudinary.com/c_fill,f_auto,fl_lossy,q_auto,w_800,h_400,c_pad/products/202004/5ea6ac4aac1c1.jpg","
                                    Lagrange
                                ",$29.95
https://www.glassesshop.com/eyeglasses/ft0364,"https://glassesshop-res.cloudinary.com/c_fill,f_auto,fl_lossy,q_auto,w_800,h_400,c_pad/products/202002/5e4288d66f9ca.jpg","
                                    Glenview
                                ",$49.95
https://www.glassesshop.com/eyeglasses/sup0791,"https://glassesshop-res.cloudinary.com/c_fill,f_auto,fl_lossy,q_auto,w_800,h_400,c_pad/products/202007/5f1e8aced1e7c.jpg","
                                    Evanston
                                ",$29.95
https://www.glassesshop.com/eyeglasses/sup0821,"https://glassesshop-res.cloudinary.com/c_fill,f_auto,fl_lossy,q_auto,w_800,h_400,c_pad/products/202004/5e93cdb8ce151.jpg","
                                    Walnut
                                ",$29.95
https://www.glassesshop.com/eyeglasses/fp2036,"https://glassesshop-res.cloudinary.com/c_fill,f_auto,fl_lossy,q_auto,w_800,h_400,c_pad/products/202002/5e377f64b65e5.jpg","
                                    Fresno
                                ",$12.95
https://www.glassesshop.com/eyeglasses/fm1419,"https://glassesshop-res.cloudinary.com/c_fill,f_auto,fl_lossy,q_auto,w_800,h_400,c_pad/products/202002/5e377f5d89a0b.jpg","
                                    Smith
                                ",$29.95
https://www.glassesshop.com/eyeglasses/fp1977,"https://glassesshop-res.cloudinary.com/c_fill,f_auto,fl_lossy,q_auto,w_800,h_400,c_pad/products/201910/5d9ff984eba5b.jpg","
                                    Bronx
                                ",$12.95
https://www.glassesshop.com/eyeglasses/ft0359,"https://glassesshop-res.cloudinary.com/c_fill,f_auto,fl_lossy,q_auto,w_800,h_400,c_pad/products/202002/5e377f972a791.jpg","
                                    Mobile
                                ",$39.95
https://www.glassesshop.com/eyeglasses/fp2024,"https://glassesshop-res.cloudinary.com/c_fill,f_auto,fl_lossy,q_auto,w_800,h_400,c_pad/products/202006/5eddf0b261971.jpg","
                                    Joni
                                ",$29.95
https://www.glassesshop.com/eyeglasses/fp1990,"https://glassesshop-res.cloudinary.com/c_fill,f_auto,fl_lossy,q_auto,w_800,h_400,c_pad/products/201910/5d9ff9dcc6d8d.jpg","
                                    Asheville
                                ",$12.95
,,,
https://www.glassesshop.com/eyeglasses/fp1988,"https://glassesshop-res.cloudinary.com/c_fill,f_auto,fl_lossy,q_auto,w_800,h_400,c_pad/products/201910/5d9ff9cfe2be1.jpg","
                                    Labrador
                                ",$12.95
https://www.glassesshop.com/eyeglasses/fp1978,"https://glassesshop-res.cloudinary.com/c_fill,f_auto,fl_lossy,q_auto,w_800,h_400,c_pad/products/201910/5d9ff98bd4095.jpg","
                                    Bronx
                                ",$12.95
https://www.glassesshop.com/eyeglasses/fz1315,"https://glassesshop-res.cloudinary.com/c_fill,f_auto,fl_lossy,q_auto,w_800,h_400,c_pad/products/201908/16052216_44327.jpg","
                                    Wilsen
                                ",$29.95
https://www.glassesshop.com/eyeglasses/fp1948,"https://glassesshop-res.cloudinary.com/c_fill,f_auto,fl_lossy,q_auto,w_800,h_400,c_pad/products/202005/5ec4810f224cb.jpg","
                                    Eleanor
                                ",$12.95
https://www.glassesshop.com/eyeglasses/fm1244,"https://glassesshop-res.cloudinary.com/c_fill,f_auto,fl_lossy,q_auto,w_800,h_400,c_pad/products/201805/5b05174756a46.jpg","
                                    Burke
                                ",$24.95
https://www.glassesshop.com/eyeglasses/fp1923,"https://glassesshop-res.cloudinary.com/c_fill,f_auto,fl_lossy,q_auto,w_800,h_400,c_pad/products/202010/5f8d5c92a5034.jpg","
                                    Bray
                                ",$12.95
https://www.glassesshop.com/eyeglasses/fz1375,"https://glassesshop-res.cloudinary.com/c_fill,f_auto,fl_lossy,q_auto,w_800,h_400,c_pad/products/202007/5f23c560ea977.jpg","
                                    Bobosa
                                ",$29.95
https://www.glassesshop.com/eyeglasses/fz1320,"https://glassesshop-res.cloudinary.com/c_fill,f_auto,fl_lossy,q_auto,w_800,h_400,c_pad/products/201908/16045527_38974.jpg","
                                    Vogt
                                ",$29.95
https://www.glassesshop.com/eyeglasses/fz1299,"https://glassesshop-res.cloudinary.com/c_fill,f_auto,fl_lossy,q_auto,w_800,h_400,c_pad/products/201901/5c3403881f0c0.jpg","
                                    Hume
                                ",$29.95
https://www.glassesshop.com/eyeglasses/fp1903,"https://glassesshop-res.cloudinary.com/c_fill,f_auto,fl_lossy,q_auto,w_800,h_400,c_pad/products/201909/06053130_50710.jpg","
                                    Jinbee
                                ",$19.95
https://www.glassesshop.com/eyeglasses/fp1831,"https://glassesshop-res.cloudinary.com/c_fill,f_auto,fl_lossy,q_auto,w_800,h_400,c_pad/products/201904/5cb69b50f3d8c.jpg","
                                    Tacab
                                ",$19.95
https://www.glassesshop.com/eyeglasses/fz1279,"https://glassesshop-res.cloudinary.com/c_fill,f_auto,fl_lossy,q_auto,w_800,h_400,c_pad/products/201810/5bbc50f6643b4.jpg","
                                    Ezekiel
                                ",$29.95
,,,
https://www.glassesshop.com/eyeglasses/fp1828,"https://glassesshop-res.cloudinary.com/c_fill,f_auto,fl_lossy,q_auto,w_800,h_400,c_pad/products/201908/16022300_39524.jpg","
                                    Averies
                                ",$19.95
https://www.glassesshop.com/eyeglasses/fm1372,"https://glassesshop-res.cloudinary.com/c_fill,f_auto,fl_lossy,q_auto,w_800,h_400,c_pad/products/201903/5c99cd282a4bb.jpg","
                                    Newark
                                ",$24.95
https://www.glassesshop.com/eyeglasses/fz1298,"https://glassesshop-res.cloudinary.com/c_fill,f_auto,fl_lossy,q_auto,w_800,h_400,c_pad/products/201901/5c3403881c161.jpg","
                                    Hume
                                ",$29.95
,,,
https://www.glassesshop.com/eyeglasses/fm1353,"https://glassesshop-res.cloudinary.com/c_fill,f_auto,fl_lossy,q_auto,w_800,h_400,c_pad/products/201812/5c24367449b72.jpg","
                                    Haywood
                                ",$29.95
https://www.glassesshop.com/eyeglasses/fm1352,"https://glassesshop-res.cloudinary.com/c_fill,f_auto,fl_lossy,q_auto,w_800,h_400,c_pad/products/201812/5c24367446e64.jpg","
                                    Haywood
                                ",$29.95
https://www.glassesshop.com/eyeglasses/ft0242,"https://glassesshop-res.cloudinary.com/c_fill,f_auto,fl_lossy,q_auto,w_800,h_400,c_pad/products/201810/5bbc4f0366c54.jpg","
                                    Robben
                                ",$39.95
https://www.glassesshop.com/eyeglasses/fz1278,"https://glassesshop-res.cloudinary.com/c_fill,f_auto,fl_lossy,q_auto,w_800,h_400,c_pad/products/201810/5bbc50f661d22.jpg","
                                    Ezekiel
                                ",$29.95
https://www.glassesshop.com/eyeglasses/fz1270,"https://glassesshop-res.cloudinary.com/c_fill,f_auto,fl_lossy,q_auto,w_800,h_400,c_pad/products/201908/16045126_76201.jpg","
                                    Genevieve
                                ",$34.95
https://www.glassesshop.com/eyeglasses/fp1763,"https://glassesshop-res.cloudinary.com/c_fill,f_auto,fl_lossy,q_auto,w_800,h_400,c_pad/products/201909/06052426_10975.jpg","
                                    Arlene
                                ",$24.95
https://www.glassesshop.com/eyeglasses/fp1747,"https://glassesshop-res.cloudinary.com/c_fill,f_auto,fl_lossy,q_auto,w_800,h_400,c_pad/products/201807/5b5fc22b3b051.jpg","
                                    Murphy
                                ",$39.95
https://www.glassesshop.com/eyeglasses/fz1209,"https://glassesshop-res.cloudinary.com/c_fill,f_auto,fl_lossy,q_auto,w_800,h_400,c_pad/products/202008/5f4763af3bd0d.jpg","
                                    Pete
                                ",$29.95
https://www.glassesshop.com/eyeglasses/fz1208,"https://glassesshop-res.cloudinary.com/c_fill,f_auto,fl_lossy,q_auto,w_800,h_400,c_pad/products/201807/5b4c5f5f9c486.jpg","
                                    Pete
                                ",$29.95
https://www.glassesshop.com/eyeglasses/fp1718,"https://glassesshop-res.cloudinary.com/c_fill,f_auto,fl_lossy,q_auto,w_800,h_400,c_pad/products/201908/16051550_57408.jpg","
                                    Jean
                                ",$19.95
https://www.glassesshop.com/eyeglasses/fp1717,"https://glassesshop-res.cloudinary.com/c_fill,f_auto,fl_lossy,q_auto,w_800,h_400,c_pad/products/201805/5b03bc697854e.jpg","
                                    Jean
                                ",$24.95
https://www.glassesshop.com/eyeglasses/fp1695,"https://glassesshop-res.cloudinary.com/c_fill,f_auto,fl_lossy,q_auto,w_800,h_400,c_pad/products/201805/5b03be98b9a44.jpg","
                                    Lexingto
                                ",$19.95
https://www.glassesshop.com/eyeglasses/fp1694,"https://glassesshop-res.cloudinary.com/c_fill,f_auto,fl_lossy,q_auto,w_800,h_400,c_pad/products/201805/5b03be9136d0a.jpg","
                                    Lexingto
                                ",$19.95
https://www.glassesshop.com/eyeglasses/fp1643,"https://glassesshop-res.cloudinary.com/c_fill,f_auto,fl_lossy,q_auto,w_800,h_400,c_pad/products/202008/5f477541d4686.jpg","
                                    Isaiah
                                ",$19.95
https://www.glassesshop.com/eyeglasses/fp1568,"https://glassesshop-res.cloudinary.com/c_fill,f_auto,fl_lossy,q_auto,w_800,h_400,c_pad/products/202005/5eb91ac577d32.jpg","
                                    Cooksville
                                ",$24.95
https://www.glassesshop.com/eyeglasses/fz1090,"https://glassesshop-res.cloudinary.com/c_fill,f_auto,fl_lossy,q_auto,w_800,h_400,c_pad/products/201710/59e01c540b457.jpg","
                                    Mandy
                                ",$29.95
https://www.glassesshop.com/eyeglasses/fz1089,"https://glassesshop-res.cloudinary.com/c_fill,f_auto,fl_lossy,q_auto,w_800,h_400,c_pad/products/201710/59e01c4d1913a.jpg","
                                    Mandy
                                ",$29.95
https://www.glassesshop.com/eyeglasses/fz1087,"https://glassesshop-res.cloudinary.com/c_fill,f_auto,fl_lossy,q_auto,w_800,h_400,c_pad/products/201710/59e01c3eef083.jpg","
                                    Mandy
                                ",$29.95
https://www.glassesshop.com/eyeglasses/fz1083,"https://glassesshop-res.cloudinary.com/c_fill,f_auto,fl_lossy,q_auto,w_800,h_400,c_pad/products/201710/59e01c2125ecc.jpg","
                                    Nicole
                                ",$29.95
https://www.glassesshop.com/eyeglasses/fp2038,"https://glassesshop-res.cloudinary.com/c_fill,f_auto,fl_lossy,q_auto,w_800,h_400,c_pad/products/202002/5e377f7359e9f.jpg","
                                    Fresno
                                ",$12.95
https://www.glassesshop.com/eyeglasses/fp2151,"https://glassesshop-res.cloudinary.com/c_fill,f_auto,fl_lossy,q_auto,w_800,h_400,c_pad/products/202011/5f9faec48755c.jpg","
                                    Dominic
                                ",$12.95
https://www.glassesshop.com/eyeglasses/fm1553,"https://glassesshop-res.cloudinary.com/c_fill,f_auto,fl_lossy,q_auto,w_800,h_400,c_pad/products/202011/5fb23ea037605.jpg","
                                    Amelia
                                ",$34.95
https://www.glassesshop.com/eyeglasses/fp1746,"https://glassesshop-res.cloudinary.com/c_fill,f_auto,fl_lossy,q_auto,w_800,h_400,c_pad/products/201811/5bebc03874148.jpg","
                                    Murphy
                                ",$39.95
https://www.glassesshop.com/eyeglasses/fp1506,"https://glassesshop-res.cloudinary.com/c_fill,f_auto,fl_lossy,q_auto,w_800,h_400,c_pad/products/201811/5bff5bf2665ef.jpg","
                                    Bruno
                                ",$19.95
https://www.glassesshop.com/eyeglasses/fz1358,"https://glassesshop-res.cloudinary.com/c_fill,f_auto,fl_lossy,q_auto,w_800,h_400,c_pad/products/201907/5d1dad7e89f35.jpg","
                                    Milne
                                ",$29.95
https://www.glassesshop.com/eyeglasses/fm1469,"https://glassesshop-res.cloudinary.com/c_fill,f_auto,fl_lossy,q_auto,w_800,h_400,c_pad/products/202010/5f9644eb210d4.jpg","
                                    Amelia
                                ",$34.95
https://www.glassesshop.com/eyeglasses/fz1573,"https://glassesshop-res.cloudinary.com/c_fill,f_auto,fl_lossy,q_auto,w_800,h_400,c_pad/products/202010/5f990bbf9b1a9.jpg","
                                    Poppy
                                ",$29.95
https://www.glassesshop.com/eyeglasses/fp1641,"https://glassesshop-res.cloudinary.com/c_fill,f_auto,fl_lossy,q_auto,w_800,h_400,c_pad/products/201805/5afe7e6fbc88e.jpg","
                                    Mason
                                ",$19.95
https://www.glassesshop.com/eyeglasses/fp0989,"https://glassesshop-res.cloudinary.com/c_fill,f_auto,fl_lossy,q_auto,w_800,h_400,c_pad/products/202101/5ff1555931a93.jpg","
                                    Hillsborough
                                ",$19.95
https://www.glassesshop.com/eyeglasses/fp1989,"https://glassesshop-res.cloudinary.com/c_fill,f_auto,fl_lossy,q_auto,w_800,h_400,c_pad/products/201910/5d9ff9d6637d5.jpg","
                                    Labrador
                                ",$12.95
https://www.glassesshop.com/eyeglasses/fp1508,"https://glassesshop-res.cloudinary.com/c_fill,f_auto,fl_lossy,q_auto,w_800,h_400,c_pad/products/201807/5b3b102965a16.jpg","
                                    Bruno
                                ",$19.95
https://www.glassesshop.com/eyeglasses/fp1618,"https://glassesshop-res.cloudinary.com/c_fill,f_auto,fl_lossy,q_auto,w_800,h_400,c_pad/products/201805/5afe7d0fb721d.jpg","
                                    Baldwin
                                ",$19.95
https://www.glassesshop.com/eyeglasses/fp1938,"https://glassesshop-res.cloudinary.com/c_fill,f_auto,fl_lossy,q_auto,w_800,h_400,c_pad/products/202003/5e818f967c9ad.jpg","
                                    Abina
                                ",$19.95
https://www.glassesshop.com/eyeglasses/fp1644,"https://glassesshop-res.cloudinary.com/c_fill,f_auto,fl_lossy,q_auto,w_800,h_400,c_pad/products/201805/5afe7e8b63818.jpg","
                                    Isaiah
                                ",$19.95
https://www.glassesshop.com/eyeglasses/fm1245,"https://glassesshop-res.cloudinary.com/c_fill,f_auto,fl_lossy,q_auto,w_800,h_400,c_pad/products/201805/5b0fae059e515.jpg","
                                    Burke
                                ",$24.95
https://www.glassesshop.com/eyeglasses/rm0296,"https://glassesshop-res.cloudinary.com/c_fill,f_auto,fl_lossy,q_auto,w_800,h_400,c_pad/products/202011/5fa260ddd8b36.jpg","
                                    Gabriel
                                ",$19.95
https://www.glassesshop.com/eyeglasses/fz1490,"https://glassesshop-res.cloudinary.com/c_fill,f_auto,fl_lossy,q_auto,w_800,h_400,c_pad/products/202008/5f30c11599839.jpg","
                                    Joplin
                                ",$24.95
https://www.glassesshop.com/eyeglasses/fz1015,"https://glassesshop-res.cloudinary.com/c_fill,f_auto,fl_lossy,q_auto,w_800,h_400,c_pad/products/201707/595c8637d2c9a.jpg","
                                    Iowa
                                ",$29.95
https://www.glassesshop.com/eyeglasses/fp1742,"https://glassesshop-res.cloudinary.com/c_fill,f_auto,fl_lossy,q_auto,w_800,h_400,c_pad/products/201807/5b4c4e30ec771.jpg","
                                    Otis
                                ",$9.95
https://www.glassesshop.com/eyeglasses/fp1443,"https://glassesshop-res.cloudinary.com/c_fill,f_auto,fl_lossy,q_auto,w_800,h_400,c_pad/products/201711/59fd648f44910.jpg","
                                    Tiffen
                                ",$19.95
https://www.glassesshop.com/eyeglasses/fz1277,"https://glassesshop-res.cloudinary.com/c_fill,f_auto,fl_lossy,q_auto,w_800,h_400,c_pad/products/201810/5bbc50f65f2b1.jpg","
                                    Ezekiel
                                ",$29.95
https://www.glassesshop.com/eyeglasses/fm1471,"https://glassesshop-res.cloudinary.com/c_fill,f_auto,fl_lossy,q_auto,w_800,h_400,c_pad/products/202010/5f912e1787b16.jpg","
                                    Celeste
                                ",$34.95
https://www.glassesshop.com/eyeglasses/fp2105,"https://glassesshop-res.cloudinary.com/c_fill,f_auto,fl_lossy,q_auto,w_800,h_400,c_pad/products/202006/5ef06e34a083d.jpg","
                                    Salisbury
                                ",$19.95
https://www.glassesshop.com/eyeglasses/fp2039,"https://glassesshop-res.cloudinary.com/c_fill,f_auto,fl_lossy,q_auto,w_800,h_400,c_pad/products/202002/5e377f7ab7fcc.jpg","
                                    Fresno
                                ",$12.95
,,,
https://www.glassesshop.com/eyeglasses/fp1768,"https://glassesshop-res.cloudinary.com/c_fill,f_auto,fl_lossy,q_auto,w_800,h_400,c_pad/products/201808/5b7e0ee29fe66.jpg","
                                    Belle
                                ",$19.95
https://www.glassesshop.com/eyeglasses/fp1922,"https://glassesshop-res.cloudinary.com/c_fill,f_auto,fl_lossy,q_auto,w_800,h_400,c_pad/products/202101/5fffb4b308e1f.jpg","
                                    Bray
                                ",$12.95
https://www.glassesshop.com/eyeglasses/fp1500,"https://glassesshop-res.cloudinary.com/c_fill,f_auto,fl_lossy,q_auto,w_800,h_400,c_pad/products/201909/06052021_78602.jpg","
                                    Astrid
                                ",$19.95
https://www.glassesshop.com/eyeglasses/fp1805,"https://glassesshop-res.cloudinary.com/c_fill,f_auto,fl_lossy,q_auto,w_800,h_400,c_pad/products/202010/5f9644f118768.jpg","
                                    Watertown
                                ",$19.95
https://www.glassesshop.com/eyeglasses/fp2086,"https://glassesshop-res.cloudinary.com/c_fill,f_auto,fl_lossy,q_auto,w_800,h_400,c_pad/products/202010/5f8d5c9a44df5.jpg","
                                    Annabelle
                                ",$24.95
https://www.glassesshop.com/eyeglasses/fp2037,"https://glassesshop-res.cloudinary.com/c_fill,f_auto,fl_lossy,q_auto,w_800,h_400,c_pad/products/202002/5e377f6c4a59d.jpg","
                                    Fresno
                                ",$12.95
https://www.glassesshop.com/eyeglasses/fz1368,"https://glassesshop-res.cloudinary.com/c_fill,f_auto,fl_lossy,q_auto,w_800,h_400,c_pad/products/201907/5d268bd883d24.jpg","
                                    Leigh
                                ",$12.95
https://www.glassesshop.com/eyeglasses/fm1285,"https://glassesshop-res.cloudinary.com/c_fill,f_auto,fl_lossy,q_auto,w_800,h_400,c_pad/products/202101/5ff2821956696.jpg","
                                    Lyndon
                                ",$19.95
https://www.glassesshop.com/eyeglasses/fz1269,"https://glassesshop-res.cloudinary.com/c_fill,f_auto,fl_lossy,q_auto,w_800,h_400,c_pad/products/201810/5bbc509cc906c.jpg","
                                    Genevieve
                                ",$12.95
https://www.glassesshop.com/eyeglasses/fp1658,"https://glassesshop-res.cloudinary.com/c_fill,f_auto,fl_lossy,q_auto,w_800,h_400,c_pad/products/201806/5b10dfd1718b1.jpg","
                                    Rainbow
                                ",$19.95
https://www.glassesshop.com/eyeglasses/fp2121,"https://glassesshop-res.cloudinary.com/c_fill,f_auto,fl_lossy,q_auto,w_800,h_400,c_pad/products/202008/5f30d2fc28687.jpg","
                                    Glendale
                                ",$24.95
https://www.glassesshop.com/eyeglasses/fp2023,"https://glassesshop-res.cloudinary.com/c_fill,f_auto,fl_lossy,q_auto,w_800,h_400,c_pad/products/201911/5dd3994e35c0b.jpg","
                                    Joni
                                ",$29.95
,,,
https://www.glassesshop.com/eyeglasses/fp1363,"https://glassesshop-res.cloudinary.com/c_fill,f_auto,fl_lossy,q_auto,w_800,h_400,c_pad/products/202011/5fa21d56c2454.jpg","
                                    Evansville
                                ",$19.95
https://www.glassesshop.com/eyeglasses/fp2124,"https://glassesshop-res.cloudinary.com/c_fill,f_auto,fl_lossy,q_auto,w_800,h_400,c_pad/products/202008/5f30d310a2ca7.jpg","
                                    Salinas
                                ",$24.95
https://www.glassesshop.com/eyeglasses/fm1470,"https://glassesshop-res.cloudinary.com/c_fill,f_auto,fl_lossy,q_auto,w_800,h_400,c_pad/products/202010/5f912e15dd50d.jpg","
                                    Celeste
                                ",$34.95
,,,
https://www.glassesshop.com/eyeglasses/fz1492,"https://glassesshop-res.cloudinary.com/c_fill,f_auto,fl_lossy,q_auto,w_800,h_400,c_pad/products/202008/5f30c12320328.jpg","
                                    Joplin
                                ",$24.95
https://www.glassesshop.com/eyeglasses/fp1401,"https://glassesshop-res.cloudinary.com/c_fill,f_auto,fl_lossy,q_auto,w_800,h_400,c_pad/products/201708/59841304b0c21.jpg","
                                    Holt
                                ",$19.95
https://www.glassesshop.com/eyeglasses/sm0787,"https://glassesshop-res.cloudinary.com/c_fill,f_auto,fl_lossy,q_auto,w_800,h_400,c_pad/products/202011/5fa26112e68da.jpg","
                                    Darcy
                                ",$19.95
https://www.glassesshop.com/eyeglasses/fp1843,"https://glassesshop-res.cloudinary.com/c_fill,f_auto,fl_lossy,q_auto,w_800,h_400,c_pad/products/201904/5cb69b513530b.jpg","
                                    Butler
                                ",$19.95
https://www.glassesshop.com/eyeglasses/fm1284,"https://glassesshop-res.cloudinary.com/c_fill,f_auto,fl_lossy,q_auto,w_800,h_400,c_pad/products/201807/5b5fc1bbd29fe.jpg","
                                    Lyndon
                                ",$19.95
https://www.glassesshop.com/eyeglasses/fp1563,"https://glassesshop-res.cloudinary.com/c_fill,f_auto,fl_lossy,q_auto,w_800,h_400,c_pad/products/202005/5eb91abe0d7ae.jpg","
                                    Thomasville
                                ",$24.95
https://www.glassesshop.com/eyeglasses/fp1543,"https://glassesshop-res.cloudinary.com/c_fill,f_auto,fl_lossy,q_auto,w_800,h_400,c_pad/products/201801/5a65815a83b38.jpg","
                                    Adam
                                ",$24.95
https://www.glassesshop.com/eyeglasses/fp1232,"https://glassesshop-res.cloudinary.com/c_fill,f_auto,fl_lossy,q_auto,w_800,h_400,c_pad/products/201611/58252d0bc6372.jpg","
                                    Trenton
                                ",$19.95
https://www.glassesshop.com/eyeglasses/fp1972,"https://glassesshop-res.cloudinary.com/c_fill,f_auto,fl_lossy,q_auto,w_800,h_400,c_pad/products/201910/5da92cc780c30.jpg","
                                    Flushing
                                ",$12.95
https://www.glassesshop.com/eyeglasses/fz1159,"https://glassesshop-res.cloudinary.com/c_fill,f_auto,fl_lossy,q_auto,w_800,h_400,c_pad/products/201805/5b0fae2b1ae39.jpg","
                                    Enoch
                                ",$29.95
https://www.glassesshop.com/eyeglasses/fp1704,"https://glassesshop-res.cloudinary.com/c_fill,f_auto,fl_lossy,q_auto,w_800,h_400,c_pad/products/201910/5da681881bbcd.jpg","
                                    Heather
                                ",$29.95
https://www.glassesshop.com/eyeglasses/fp1181,"https://glassesshop-res.cloudinary.com/c_fill,f_auto,fl_lossy,q_auto,w_800,h_400,c_pad/products/202004/5e9808dbe7489.jpg","
                                    Darlene
                                ",$19.95
https://www.glassesshop.com/eyeglasses/fz1245,"https://glassesshop-res.cloudinary.com/c_fill,f_auto,fl_lossy,q_auto,w_800,h_400,c_pad/products/201910/5daeb8abf00a7.jpg","
                                    Beulah
                                ",$29.95
https://www.glassesshop.com/eyeglasses/rm0298,"https://glassesshop-res.cloudinary.com/c_fill,f_auto,fl_lossy,q_auto,w_800,h_400,c_pad/products/202009/5f5edd82c7e94.jpg","
                                    Ingemar
                                ",$19.95
https://www.glassesshop.com/eyeglasses/fp2078,"https://glassesshop-res.cloudinary.com/c_fill,f_auto,fl_lossy,q_auto,w_800,h_400,c_pad/products/202005/5eb8b559ee4bc.jpg","
                                    Hartford
                                ",$24.95
https://www.glassesshop.com/eyeglasses/fp2065,"https://glassesshop-res.cloudinary.com/c_fill,f_auto,fl_lossy,q_auto,w_800,h_400,c_pad/products/202011/5fa21d7613260.jpg","
                                    Eden
                                ",$19.95
https://www.glassesshop.com/eyeglasses/fp2026,"https://glassesshop-res.cloudinary.com/c_fill,f_auto,fl_lossy,q_auto,w_800,h_400,c_pad/products/201911/5dbfecc6cea99.jpg","
                                    Plains
                                ",$24.95
https://www.glassesshop.com/eyeglasses/fz1311,"https://glassesshop-res.cloudinary.com/c_fill,f_auto,fl_lossy,q_auto,w_800,h_400,c_pad/products/201906/5cf8ca4e8dbc6.jpg","
                                    Whittier
                                ",$29.95
https://www.glassesshop.com/eyeglasses/fp1902,"https://glassesshop-res.cloudinary.com/c_fill,f_auto,fl_lossy,q_auto,w_800,h_400,c_pad/products/202010/5f9644f27f612.jpg","
                                    Jinbee
                                ",$19.95
https://www.glassesshop.com/eyeglasses/fz1086,"https://glassesshop-res.cloudinary.com/c_fill,f_auto,fl_lossy,q_auto,w_800,h_400,c_pad/products/201710/59e01c367ceff.jpg","
                                    Nicole
                                ",$29.95
https://www.glassesshop.com/eyeglasses/fp1973,"https://glassesshop-res.cloudinary.com/c_fill,f_auto,fl_lossy,q_auto,w_800,h_400,c_pad/products/202012/5fdb21277b8f6.jpg","
                                    Flushing
                                ",$12.95
https://www.glassesshop.com/eyeglasses/fp1949,"https://glassesshop-res.cloudinary.com/c_fill,f_auto,fl_lossy,q_auto,w_800,h_400,c_pad/products/202008/5f28fbc044e83.jpg","
                                    Eleanor
                                ",$12.95
https://www.glassesshop.com/eyeglasses/fp1830,"https://glassesshop-res.cloudinary.com/c_fill,f_auto,fl_lossy,q_auto,w_800,h_400,c_pad/products/201904/5cb69b422e3d9.jpg","
                                    Averies
                                ",$19.95
https://www.glassesshop.com/eyeglasses/fp1564,"https://glassesshop-res.cloudinary.com/c_fill,f_auto,fl_lossy,q_auto,w_800,h_400,c_pad/products/201803/5ab494f419200.jpg","
                                    Thomasville
                                ",$24.95
https://www.glassesshop.com/eyeglasses/sm0793,"https://glassesshop-res.cloudinary.com/c_fill,f_auto,fl_lossy,q_auto,w_800,h_400,c_pad/products/201803/5ab4ad4788e78.jpg","
                                    Martin
                                ",$29.95
https://www.glassesshop.com/eyeglasses/sm0862,"https://glassesshop-res.cloudinary.com/c_fill,f_auto,fl_lossy,q_auto,w_800,h_400,c_pad/products/201810/5bbc510970fb0.jpg","
                                    Willie
                                ",$19.95
https://www.glassesshop.com/eyeglasses/fp1567,"https://glassesshop-res.cloudinary.com/c_fill,f_auto,fl_lossy,q_auto,w_800,h_400,c_pad/products/201803/5ab49597691b9.jpg","
                                    Cooksville
                                ",$24.95
https://www.glassesshop.com/eyeglasses/fp1764,"https://glassesshop-res.cloudinary.com/c_fill,f_auto,fl_lossy,q_auto,w_800,h_400,c_pad/products/201808/5b7e0ee295ebe.jpg","
                                    Arlene
                                ",$24.95
https://www.glassesshop.com/eyeglasses/fp1762,"https://glassesshop-res.cloudinary.com/c_fill,f_auto,fl_lossy,q_auto,w_800,h_400,c_pad/products/201808/5b7e0ee290c10.jpg","
                                    Arlene
                                ",$24.95
https://www.glassesshop.com/eyeglasses/fm1017,"https://glassesshop-res.cloudinary.com/c_fill,f_auto,fl_lossy,q_auto,w_800,h_400,c_pad/products/201805/5af13c79a1738.jpg","
                                    Brunswick
                                ",$29.95
https://www.glassesshop.com/eyeglasses/fp1806,"https://glassesshop-res.cloudinary.com/c_fill,f_auto,fl_lossy,q_auto,w_800,h_400,c_pad/products/201903/5c99cd42482c0.jpg","
                                    Watertown
                                ",$19.95
https://www.glassesshop.com/eyeglasses/fp1110,"https://glassesshop-res.cloudinary.com/c_fill,f_auto,fl_lossy,q_auto,w_800,h_400,c_pad/products/201708/5983fe6171266.jpg","
                                    Hyannis
                                ",$29.95
https://www.glassesshop.com/eyeglasses/fp1362,"https://glassesshop-res.cloudinary.com/c_fill,f_auto,fl_lossy,q_auto,w_800,h_400,c_pad/products/201903/5c8721b66b2c8.jpg","
                                    Evansville
                                ",$19.95
https://www.glassesshop.com/eyeglasses/fp1829,"https://glassesshop-res.cloudinary.com/c_fill,f_auto,fl_lossy,q_auto,w_800,h_400,c_pad/products/201904/5cb69b4227d82.jpg","
                                    Averies
                                ",$19.95
https://www.glassesshop.com/eyeglasses/fm1388,"https://glassesshop-res.cloudinary.com/c_fill,f_auto,fl_lossy,q_auto,w_800,h_400,c_pad/products/202008/5f2a82fb5d970.jpg","
                                    Celia
                                ",$19.95
https://www.glassesshop.com/eyeglasses/fm1384,"https://glassesshop-res.cloudinary.com/c_fill,f_auto,fl_lossy,q_auto,w_800,h_400,c_pad/products/201906/5d031896172db.jpg","
                                    Riverside
                                ",$19.95
https://www.glassesshop.com/eyeglasses/fp1456,"https://glassesshop-res.cloudinary.com/c_fill,f_auto,fl_lossy,q_auto,w_800,h_400,c_pad/products/201909/5d8d74bf4eb97.jpg","
                                    Zoe
                                ",$19.95
https://www.glassesshop.com/eyeglasses/rm0247,"https://glassesshop-res.cloudinary.com/c_fill,f_auto,fl_lossy,q_auto,w_800,h_400,c_pad/products/201603/57917f5c074f8.jpg","
                                    Terre
                                ",$32.95
https://www.glassesshop.com/eyeglasses/fz1092,"https://glassesshop-res.cloudinary.com/c_fill,f_auto,fl_lossy,q_auto,w_800,h_400,c_pad/products/201710/59e01c61e1f0f.jpg","
                                    Buckeye
                                ",$29.95
https://www.glassesshop.com/eyeglasses/sm0898,"https://glassesshop-res.cloudinary.com/c_fill,f_auto,fl_lossy,q_auto,w_800,h_400,c_pad/products/202011/5fa260e8722d9.jpg","
                                    Stephen
                                ",$12.95
https://www.glassesshop.com/eyeglasses/fm1308,"https://glassesshop-res.cloudinary.com/c_fill,f_auto,fl_lossy,q_auto,w_800,h_400,c_pad/products/201810/5bbc4f033bd30.jpg","
                                    Uriah
                                ",$19.95
https://www.glassesshop.com/eyeglasses/fp2126,"https://glassesshop-res.cloudinary.com/c_fill,f_auto,fl_lossy,q_auto,w_800,h_400,c_pad/products/202008/5f30d31dcd3ae.jpg","
                                    Laguna
                                ",$24.95
https://www.glassesshop.com/eyeglasses/fp1566,"https://glassesshop-res.cloudinary.com/c_fill,f_auto,fl_lossy,q_auto,w_800,h_400,c_pad/products/201803/5ab495901f4b8.jpg","
                                    Cooksville
                                ",$24.95
https://www.glassesshop.com/eyeglasses/fp1920,"https://glassesshop-res.cloudinary.com/c_fill,f_auto,fl_lossy,q_auto,w_800,h_400,c_pad/products/202010/5f912e302b215.jpg","
                                    Bloor
                                ",$12.95
,,,
https://www.glassesshop.com/eyeglasses/fp1904,"https://glassesshop-res.cloudinary.com/c_fill,f_auto,fl_lossy,q_auto,w_800,h_400,c_pad/products/202010/5f9644f3e94a1.jpg","
                                    Jinbee
                                ",$19.95
https://www.glassesshop.com/eyeglasses/fz1386,"https://glassesshop-res.cloudinary.com/c_fill,f_auto,fl_lossy,q_auto,w_800,h_400,c_pad/products/201908/5d4d19e8e21d0.jpg","
                                    Laurie
                                ",$29.95
https://www.glassesshop.com/eyeglasses/fz1247,"https://glassesshop-res.cloudinary.com/c_fill,f_auto,fl_lossy,q_auto,w_800,h_400,c_pad/products/201910/5daeb8bcd6dd7.jpg","
                                    Beulah
                                ",$29.95
https://www.glassesshop.com/eyeglasses/fm1252,"https://glassesshop-res.cloudinary.com/c_fill,f_auto,fl_lossy,q_auto,w_800,h_400,c_pad/products/201805/5b0517726efee.jpg","
                                    Carrie
                                ",$24.95
https://www.glassesshop.com/eyeglasses/fp1593,"https://glassesshop-res.cloudinary.com/c_fill,f_auto,fl_lossy,q_auto,w_800,h_400,c_pad/products/201805/5afb960dc0801.jpg","
                                    Jerry
                                ",$24.95
https://www.glassesshop.com/eyeglasses/fz1464,"https://glassesshop-res.cloudinary.com/c_fill,f_auto,fl_lossy,q_auto,w_800,h_400,c_pad/products/202010/5f855f45df961.jpg","
                                    Prima
                                ",$44.95
https://www.glassesshop.com/eyeglasses/fp2066,"https://glassesshop-res.cloudinary.com/c_fill,f_auto,fl_lossy,q_auto,w_800,h_400,c_pad/products/202004/5ea6a728252e2.jpg","
                                    Eden
                                ",$19.95
https://www.glassesshop.com/eyeglasses/fp1985,"https://glassesshop-res.cloudinary.com/c_fill,f_auto,fl_lossy,q_auto,w_800,h_400,c_pad/products/202006/5ee738a40c69c.jpg","
                                    Yonkers
                                ",$12.95
https://www.glassesshop.com/eyeglasses/fp1646,"https://glassesshop-res.cloudinary.com/c_fill,f_auto,fl_lossy,q_auto,w_800,h_400,c_pad/products/201805/5afe7e9d5f420.jpg","
                                    Angel
                                ",$19.95
https://www.glassesshop.com/eyeglasses/fp1984,"https://glassesshop-res.cloudinary.com/c_fill,f_auto,fl_lossy,q_auto,w_800,h_400,c_pad/products/201910/5d9ff9b445282.jpg","
                                    Yonkers
                                ",$12.95
https://www.glassesshop.com/eyeglasses/fp1859,"https://glassesshop-res.cloudinary.com/c_fill,f_auto,fl_lossy,q_auto,w_800,h_400,c_pad/products/201909/06052935_95263.jpg","
                                    Persol
                                ",$19.95
https://www.glassesshop.com/eyeglasses/fp1453,"https://glassesshop-res.cloudinary.com/c_fill,f_auto,fl_lossy,q_auto,w_800,h_400,c_pad/products/202005/5eaf8bfc0865a.jpg","
                                    Valentina
                                ",$19.95
,,,
https://www.glassesshop.com/eyeglasses/ft0360,"https://glassesshop-res.cloudinary.com/c_fill,f_auto,fl_lossy,q_auto,w_800,h_400,c_pad/products/202002/5e377f9e37951.jpg","
                                    Mobile
                                ",$39.95
https://www.glassesshop.com/eyeglasses/fp2025,"https://glassesshop-res.cloudinary.com/c_fill,f_auto,fl_lossy,q_auto,w_800,h_400,c_pad/products/201911/5dd3995c1b102.jpg","
                                    Joni
                                ",$29.95
https://www.glassesshop.com/eyeglasses/fm1349,"https://glassesshop-res.cloudinary.com/c_fill,f_auto,fl_lossy,q_auto,w_800,h_400,c_pad/products/201812/5c2436743ef0d.jpg","
                                    Hawthorn
                                ",$29.95
,,,
https://www.glassesshop.com/eyeglasses/fm1229,"https://glassesshop-res.cloudinary.com/c_fill,f_auto,fl_lossy,q_auto,w_800,h_400,c_pad/products/201805/5af160e065b61.jpg","
                                    Drew
                                ",$29.95
https://www.glassesshop.com/eyeglasses/fp1411,"https://glassesshop-res.cloudinary.com/c_fill,f_auto,fl_lossy,q_auto,w_800,h_400,c_pad/products/201710/59e45984a5749.jpg","
                                    Kelowna
                                ",$6.95
https://www.glassesshop.com/eyeglasses/fz1248,"https://glassesshop-res.cloudinary.com/c_fill,f_auto,fl_lossy,q_auto,w_800,h_400,c_pad/products/202011/5fa21dcc075d4.jpg","
                                    Beulah
                                ",$29.95
https://www.glassesshop.com/eyeglasses/fm1192,"https://glassesshop-res.cloudinary.com/c_fill,f_auto,fl_lossy,q_auto,w_800,h_400,c_pad/products/201804/5acd65a437c84.jpg","
                                    Lopez
                                ",$12.95
https://www.glassesshop.com/eyeglasses/fz1084,"https://glassesshop-res.cloudinary.com/c_fill,f_auto,fl_lossy,q_auto,w_800,h_400,c_pad/products/201710/59e01c2847900.jpg","
                                    Nicole
                                ",$29.95
https://www.glassesshop.com/eyeglasses/fp0917,"https://glassesshop-res.cloudinary.com/c_fill,f_auto,fl_lossy,q_auto,w_800,h_400,c_pad/products/201709/59c9aaccb914e.jpg","
                                    BowlingGreen
                                ",$29.95
https://www.glassesshop.com/eyeglasses/fp2132,"https://glassesshop-res.cloudinary.com/c_fill,f_auto,fl_lossy,q_auto,w_800,h_400,c_pad/products/202009/5f5edccf590b4.jpg","
                                    Hatteras
                                ",$29.95
https://www.glassesshop.com/eyeglasses/fp2091,"https://glassesshop-res.cloudinary.com/c_fill,f_auto,fl_lossy,q_auto,w_800,h_400,c_pad/products/202008/5f2a865e6b4d4.jpg","
                                    Jessica
                                ",$24.95
https://www.glassesshop.com/eyeglasses/fp1947,"https://glassesshop-res.cloudinary.com/c_fill,f_auto,fl_lossy,q_auto,w_800,h_400,c_pad/products/201909/5d8d7510c6856.jpg","
                                    Dinas
                                ",$12.95
https://www.glassesshop.com/eyeglasses/fm1271,"https://glassesshop-res.cloudinary.com/c_fill,f_auto,fl_lossy,q_auto,w_800,h_400,c_pad/products/201807/5b4c4d76e9fa2.jpg","
                                    Omar
                                ",$19.95
https://www.glassesshop.com/eyeglasses/fp1642,"https://glassesshop-res.cloudinary.com/c_fill,f_auto,fl_lossy,q_auto,w_800,h_400,c_pad/products/201910/5db268252d5bb.jpg","
                                    Isaiah
                                ",$19.95
https://www.glassesshop.com/eyeglasses/fm1182,"https://glassesshop-res.cloudinary.com/c_fill,f_auto,fl_lossy,q_auto,w_800,h_400,c_pad/products/201804/5acd64b08b8b6.jpg","
                                    Silber
                                ",$24.95
https://www.glassesshop.com/eyeglasses/fz1094,"https://glassesshop-res.cloudinary.com/c_fill,f_auto,fl_lossy,q_auto,w_800,h_400,c_pad/products/201811/5bff5bf26fe9c.jpg","
                                    Buckeye
                                ",$29.95
https://www.glassesshop.com/eyeglasses/fp2027,"https://glassesshop-res.cloudinary.com/c_fill,f_auto,fl_lossy,q_auto,w_800,h_400,c_pad/products/202004/5e9fa61abd534.jpg","
                                    Plains
                                ",$24.95
https://www.glassesshop.com/eyeglasses/fm1297,"https://glassesshop-res.cloudinary.com/c_fill,f_auto,fl_lossy,q_auto,w_800,h_400,c_pad/products/201808/5b72831003048.jpg","
                                    Payne
                                ",$29.95
https://www.glassesshop.com/eyeglasses/fp1657,"https://glassesshop-res.cloudinary.com/c_fill,f_auto,fl_lossy,q_auto,w_800,h_400,c_pad/products/201805/5af15ffb08cfe.jpg","
                                    Derrick
                                ",$24.95
https://www.glassesshop.com/eyeglasses/fp2165,"https://glassesshop-res.cloudinary.com/c_fill,f_auto,fl_lossy,q_auto,w_800,h_400,c_pad/products/202011/5f9faf1c4ac67.jpg","
                                    Ogden
                                ",$24.95
https://www.glassesshop.com/eyeglasses/fz1512,"https://glassesshop-res.cloudinary.com/c_fill,f_auto,fl_lossy,q_auto,w_800,h_400,c_pad/products/202010/5f912e606e0fe.jpg","
                                    Prairie
                                ",$34.95
https://www.glassesshop.com/eyeglasses/fp2015,"https://glassesshop-res.cloudinary.com/c_fill,f_auto,fl_lossy,q_auto,w_800,h_400,c_pad/products/201910/5db16a637010a.jpg","
                                    Rainbow
                                ",$12.95
https://www.glassesshop.com/eyeglasses/fm1382,"https://glassesshop-res.cloudinary.com/c_fill,f_auto,fl_lossy,q_auto,w_800,h_400,c_pad/products/201906/5cff0f5a475a2.jpg","
                                    Rochester
                                ",$29.95
https://www.glassesshop.com/eyeglasses/fp1842,"https://glassesshop-res.cloudinary.com/c_fill,f_auto,fl_lossy,q_auto,w_800,h_400,c_pad/products/201904/5cb69b51304ec.jpg","
                                    Butler
                                ",$19.95
https://www.glassesshop.com/eyeglasses/fm1178,"https://glassesshop-res.cloudinary.com/c_fill,f_auto,fl_lossy,q_auto,w_800,h_400,c_pad/products/201804/5acd6490199b1.jpg","
                                    Plato
                                ",$19.95
https://www.glassesshop.com/eyeglasses/fp1741,"https://glassesshop-res.cloudinary.com/c_fill,f_auto,fl_lossy,q_auto,w_800,h_400,c_pad/products/201807/5b4c4e29687a1.jpg","
                                    Oswald
                                ",$19.95
https://www.glassesshop.com/eyeglasses/fp1736,"https://glassesshop-res.cloudinary.com/c_fill,f_auto,fl_lossy,q_auto,w_800,h_400,c_pad/products/201807/5b4c4e018ae9a.jpg","
                                    Osmond
                                ",$19.95
https://www.glassesshop.com/eyeglasses/fz1545,"https://glassesshop-res.cloudinary.com/c_fill,f_auto,fl_lossy,q_auto,w_800,h_400,c_pad/products/202011/5f9fb03236e4f.jpg","
                                    Arlington
                                ",$34.95
https://www.glassesshop.com/eyeglasses/fz1410,"https://glassesshop-res.cloudinary.com/c_fill,f_auto,fl_lossy,q_auto,w_800,h_400,c_pad/products/202004/5ea6ac437a334.jpg","
                                    Lagrange
                                ",$29.95
https://www.glassesshop.com/eyeglasses/sup0757,"https://glassesshop-res.cloudinary.com/c_fill,f_auto,fl_lossy,q_auto,w_800,h_400,c_pad/products/202001/5e0eb46f8a3ac.jpg","
                                    Rosemary
                                ",$29.95
https://www.glassesshop.com/eyeglasses/fp1735,"https://glassesshop-res.cloudinary.com/c_fill,f_auto,fl_lossy,q_auto,w_800,h_400,c_pad/products/201807/5b4c4df9bf11c.jpg","
                                    Osmond
                                ",$19.95
https://www.glassesshop.com/eyeglasses/fp1631,"https://glassesshop-res.cloudinary.com/c_fill,f_auto,fl_lossy,q_auto,w_800,h_400,c_pad/products/201805/5afe7d3a80a60.jpg","
                                    Aiden
                                ",$19.95
https://www.glassesshop.com/eyeglasses/fp2084,"https://glassesshop-res.cloudinary.com/c_fill,f_auto,fl_lossy,q_auto,w_800,h_400,c_pad/products/202005/5eb8b58230c9e.jpg","
                                    Annabelle
                                ",$24.95
https://www.glassesshop.com/eyeglasses/fm1445,"https://glassesshop-res.cloudinary.com/c_fill,f_auto,fl_lossy,q_auto,w_800,h_400,c_pad/products/202002/5e4368db67e72.jpg","
                                    Marina
                                ",$29.95
https://www.glassesshop.com/eyeglasses/fp1639,"https://glassesshop-res.cloudinary.com/c_fill,f_auto,fl_lossy,q_auto,w_800,h_400,c_pad/products/201805/5afe7e5e63870.jpg","
                                    Mason
                                ",$29.95
https://www.glassesshop.com/eyeglasses/fp1502,"https://glassesshop-res.cloudinary.com/c_fill,f_auto,fl_lossy,q_auto,w_800,h_400,c_pad/products/202005/5eaf8bfd7eb34.jpg","
                                    Astrid
                                ",$19.95
https://www.glassesshop.com/eyeglasses/fp1276,"https://glassesshop-res.cloudinary.com/c_fill,f_auto,fl_lossy,q_auto,w_800,h_400,c_pad/products/201701/587f15a43cc70.jpg","
                                    Land
                                ",$19.95
https://www.glassesshop.com/eyeglasses/fp2122,"https://glassesshop-res.cloudinary.com/c_fill,f_auto,fl_lossy,q_auto,w_800,h_400,c_pad/products/202008/5f30d30306a85.jpg","
                                    Salinas
                                ",$24.95
https://www.glassesshop.com/eyeglasses/fp2072,"https://glassesshop-res.cloudinary.com/c_fill,f_auto,fl_lossy,q_auto,w_800,h_400,c_pad/products/202005/5eb8b531819bf.jpg","
                                    Irvine
                                ",$24.95
https://www.glassesshop.com/eyeglasses/fp1781,"https://glassesshop-res.cloudinary.com/c_fill,f_auto,fl_lossy,q_auto,w_800,h_400,c_pad/products/201812/5c244586d5558.jpg","
                                    Hubbard
                                ",$19.95
https://www.glassesshop.com/eyeglasses/fp2102,"https://glassesshop-res.cloudinary.com/c_fill,f_auto,fl_lossy,q_auto,w_800,h_400,c_pad/products/202010/5f9644ff90c6f.jpg","
                                    Audrey
                                ",$19.95
https://www.glassesshop.com/eyeglasses/fm1467,"https://glassesshop-res.cloudinary.com/c_fill,f_auto,fl_lossy,q_auto,w_800,h_400,c_pad/products/202011/5fa258642d8f6.jpg","
                                    Benjamin
                                ",$29.95
https://www.glassesshop.com/eyeglasses/fp2075,"https://glassesshop-res.cloudinary.com/c_fill,f_auto,fl_lossy,q_auto,w_800,h_400,c_pad/products/202005/5eb8b545210ac.jpg","
                                    Irvine
                                ",$24.95
https://www.glassesshop.com/eyeglasses/fm1476,"https://glassesshop-res.cloudinary.com/c_fill,f_auto,fl_lossy,q_auto,w_800,h_400,c_pad/products/202008/5f475d9bb8887.jpg","
                                    Avon
                                ",$19.95
https://www.glassesshop.com/eyeglasses/fm1418,"https://glassesshop-res.cloudinary.com/c_fill,f_auto,fl_lossy,q_auto,w_800,h_400,c_pad/products/202002/5e377f5638dbd.jpg","
                                    Alturas
                                ",$29.95
https://www.glassesshop.com/eyeglasses/fp1918,"https://glassesshop-res.cloudinary.com/c_fill,f_auto,fl_lossy,q_auto,w_800,h_400,c_pad/products/201908/5d4d18e23ef60.jpg","
                                    Bloor
                                ",$12.95
https://www.glassesshop.com/eyeglasses/fp1628,"https://glassesshop-res.cloudinary.com/c_fill,f_auto,fl_lossy,q_auto,w_800,h_400,c_pad/products/201805/5afe7d2043536.jpg","
                                    Aiden
                                ",$19.95
,,,
https://www.glassesshop.com/eyeglasses/fp2104,"https://glassesshop-res.cloudinary.com/c_fill,f_auto,fl_lossy,q_auto,w_800,h_400,c_pad/products/202006/5ef06e2db0921.jpg","
                                    Salisbury
                                ",$19.95
https://www.glassesshop.com/eyeglasses/fp2051,"https://glassesshop-res.cloudinary.com/c_fill,f_auto,fl_lossy,q_auto,w_800,h_400,c_pad/products/202004/5ea6a6a47a178.jpg","
                                    LaSalle
                                ",$19.95
https://www.glassesshop.com/eyeglasses/fp1834,"https://glassesshop-res.cloudinary.com/c_fill,f_auto,fl_lossy,q_auto,w_800,h_400,c_pad/products/201908/16051740_59068.jpg","
                                    Tacab
                                ",$19.95
https://www.glassesshop.com/eyeglasses/fp1565,"https://glassesshop-res.cloudinary.com/c_fill,f_auto,fl_lossy,q_auto,w_800,h_400,c_pad/products/201803/5ab494fb9d10f.jpg","
                                    Thomasville
                                ",$24.95
https://www.glassesshop.com/eyeglasses/fp1409,"https://glassesshop-res.cloudinary.com/c_fill,f_auto,fl_lossy,q_auto,w_800,h_400,c_pad/products/201710/59e4597664ad2.jpg","
                                    Kelowna
                                ",$19.95
https://www.glassesshop.com/eyeglasses/fp2175,"https://glassesshop-res.cloudinary.com/c_fill,f_auto,fl_lossy,q_auto,w_800,h_400,c_pad/products/202011/5f9faf66e9d2a.jpg","
                                    Bellaire
                                ",$24.95
https://www.glassesshop.com/eyeglasses/fp2052,"https://glassesshop-res.cloudinary.com/c_fill,f_auto,fl_lossy,q_auto,w_800,h_400,c_pad/products/202004/5ea6a6ab9b78c.jpg","
                                    LaSalle
                                ",$19.95
https://www.glassesshop.com/eyeglasses/fp1919,"https://glassesshop-res.cloudinary.com/c_fill,f_auto,fl_lossy,q_auto,w_800,h_400,c_pad/products/201908/5d4d18e7c3220.jpg","
                                    Bloor
                                ",$12.95
https://www.glassesshop.com/eyeglasses/fp2085,"https://glassesshop-res.cloudinary.com/c_fill,f_auto,fl_lossy,q_auto,w_800,h_400,c_pad/products/202008/5f2a865bb5e00.jpg","
                                    Annabelle
                                ",$24.95
https://www.glassesshop.com/eyeglasses/fm1417,"https://glassesshop-res.cloudinary.com/c_fill,f_auto,fl_lossy,q_auto,w_800,h_400,c_pad/products/202002/5e377f4f16e51.jpg","
                                    Alturas
                                ",$29.95
https://www.glassesshop.com/eyeglasses/fp2087,"https://glassesshop-res.cloudinary.com/c_fill,f_auto,fl_lossy,q_auto,w_800,h_400,c_pad/products/202010/5f7d1efd35932.jpg","
                                    Waycross
                                ",$24.95
https://www.glassesshop.com/eyeglasses/fz1357,"https://glassesshop-res.cloudinary.com/c_fill,f_auto,fl_lossy,q_auto,w_800,h_400,c_pad/products/201907/5d1dad7e86bf6.jpg","
                                    Milne
                                ",$29.95
,,,
https://www.glassesshop.com/eyeglasses/fm1184,"https://glassesshop-res.cloudinary.com/c_fill,f_auto,fl_lossy,q_auto,w_800,h_400,c_pad/products/201804/5acd64c1c0d59.jpg","
                                    Plato
                                ",$24.95
https://www.glassesshop.com/eyeglasses/fz0982,"https://glassesshop-res.cloudinary.com/c_fill,f_auto,fl_lossy,q_auto,w_800,h_400,c_pad/products/201704/58f85d7ac644e.jpg","
                                    Miami
                                ",$29.95
https://www.glassesshop.com/eyeglasses/fz1494,"https://glassesshop-res.cloudinary.com/c_fill,f_auto,fl_lossy,q_auto,w_800,h_400,c_pad/products/202008/5f30c13055b37.jpg","
                                    Jellico
                                ",$29.95
,,,
https://www.glassesshop.com/eyeglasses/fm1383,"https://glassesshop-res.cloudinary.com/c_fill,f_auto,fl_lossy,q_auto,w_800,h_400,c_pad/products/201906/5cff0f5a58172.jpg","
                                    Rochester
                                ",$29.95
https://www.glassesshop.com/eyeglasses/sm0876,"https://glassesshop-res.cloudinary.com/c_fill,f_auto,fl_lossy,q_auto,w_800,h_400,c_pad/products/201912/5e018423198e4.jpg","
                                    Horatio
                                ",$19.95
https://www.glassesshop.com/eyeglasses/fp1647,"https://glassesshop-res.cloudinary.com/c_fill,f_auto,fl_lossy,q_auto,w_800,h_400,c_pad/products/201805/5afe7ea6d9e58.jpg","
                                    Angel
                                ",$19.95
https://www.glassesshop.com/eyeglasses/fm1500,"https://glassesshop-res.cloudinary.com/c_fill,f_auto,fl_lossy,q_auto,w_800,h_400,c_pad/products/202010/5f9237b90bb6f.jpg","
                                    Winston
                                ",$24.95
https://www.glassesshop.com/eyeglasses/st0245,"https://glassesshop-res.cloudinary.com/c_fill,f_auto,fl_lossy,q_auto,w_800,h_400,c_pad/products/202010/5f7d1f0e4e7f9.jpg","
                                    Delia
                                ",$54.95
https://www.glassesshop.com/eyeglasses/fz1475,"https://glassesshop-res.cloudinary.com/c_fill,f_auto,fl_lossy,q_auto,w_800,h_400,c_pad/products/202006/5ef06ec536c1f.jpg","
                                    Mankato
                                ",$29.95
https://www.glassesshop.com/eyeglasses/fp1946,"https://glassesshop-res.cloudinary.com/c_fill,f_auto,fl_lossy,q_auto,w_800,h_400,c_pad/products/201911/5dc4c13b17a4d.jpg","
                                    Dinas
                                ",$12.95
https://www.glassesshop.com/eyeglasses/fm1258,"https://glassesshop-res.cloudinary.com/c_fill,f_auto,fl_lossy,q_auto,w_800,h_400,c_pad/products/201806/5b1a36150c01c.jpg","
                                    Igemar
                                ",$29.95
https://www.glassesshop.com/eyeglasses/fp2118,"https://glassesshop-res.cloudinary.com/c_fill,f_auto,fl_lossy,q_auto,w_800,h_400,c_pad/products/202010/5f855f2e8a7cb.jpg","
                                    Eleanore
                                ",$24.95
https://www.glassesshop.com/eyeglasses/fp1811,"https://glassesshop-res.cloudinary.com/c_fill,f_auto,fl_lossy,q_auto,w_800,h_400,c_pad/products/201910/5db296ceceef7.jpg","
                                    Binghamton
                                ",$19.95
https://www.glassesshop.com/eyeglasses/fm1464,"https://glassesshop-res.cloudinary.com/c_fill,f_auto,fl_lossy,q_auto,w_800,h_400,c_pad/products/202012/5fca07a4c77fd.jpg","
                                    Norfolk
                                ",$34.95
https://www.glassesshop.com/eyeglasses/fp2080,"https://glassesshop-res.cloudinary.com/c_fill,f_auto,fl_lossy,q_auto,w_800,h_400,c_pad/products/202005/5eb8b566e50c8.jpg","
                                    Americus
                                ",$24.95
https://www.glassesshop.com/eyeglasses/fp1111,"https://glassesshop-res.cloudinary.com/c_fill,f_auto,fl_lossy,q_auto,w_800,h_400,c_pad/products/201708/5983fe67e0444.jpg","
                                    Hyannis
                                ",$29.95
https://www.glassesshop.com/eyeglasses/sm0885,"https://glassesshop-res.cloudinary.com/c_fill,f_auto,fl_lossy,q_auto,w_800,h_400,c_pad/products/202011/5fa2611698f29.jpg","
                                    Sherwood
                                ",$29.95
https://www.glassesshop.com/eyeglasses/ft0319,"https://glassesshop-res.cloudinary.com/c_fill,f_auto,fl_lossy,q_auto,w_800,h_400,c_pad/products/201906/5d031896901cf.jpg","
                                    Carmelita
                                ",$54.95
https://www.glassesshop.com/eyeglasses/sm0900,"https://glassesshop-res.cloudinary.com/c_fill,f_auto,fl_lossy,q_auto,w_800,h_400,c_pad/products/202011/5fa2611f04e25.jpg","
                                    Allen
                                ",$19.95
https://www.glassesshop.com/eyeglasses/fp1699,"https://glassesshop-res.cloudinary.com/c_fill,f_auto,fl_lossy,q_auto,w_800,h_400,c_pad/products/201805/5b03bbb70f177.jpg","
                                    Novia
                                ",$19.95
https://www.glassesshop.com/eyeglasses/fm1462,"https://glassesshop-res.cloudinary.com/c_fill,f_auto,fl_lossy,q_auto,w_800,h_400,c_pad/products/202005/5eb913b7c2d9c.jpg","
                                    Norfolk
                                ",$34.95
https://www.glassesshop.com/eyeglasses/ft0389,"https://glassesshop-res.cloudinary.com/c_fill,f_auto,fl_lossy,q_auto,w_800,h_400,c_pad/products/202004/5ea6a775e6e68.jpg","
                                    Wheaton
                                ",$44.95
https://www.glassesshop.com/eyeglasses/fz1519,"https://glassesshop-res.cloudinary.com/c_fill,f_auto,fl_lossy,q_auto,w_800,h_400,c_pad/products/202009/5f6c523c3006e.jpg","
                                    Christine
                                ",$59
https://www.glassesshop.com/eyeglasses/fp2111,"https://glassesshop-res.cloudinary.com/c_fill,f_auto,fl_lossy,q_auto,w_800,h_400,c_pad/products/202007/5f0d02e7b4c6a.jpg","
                                    Althea
                                ",$19.95
https://www.glassesshop.com/eyeglasses/fz0981,"https://glassesshop-res.cloudinary.com/c_fill,f_auto,fl_lossy,q_auto,w_800,h_400,c_pad/products/201704/58f85d77d88ab.jpg","
                                    Miami
                                ",$29.95
https://www.glassesshop.com/eyeglasses/fp2149,"https://glassesshop-res.cloudinary.com/c_fill,f_auto,fl_lossy,q_auto,w_800,h_400,c_pad/products/202011/5f9faeb5cc200.jpg","
                                    Dominic
                                ",$12.95
https://www.glassesshop.com/eyeglasses/fz1392,"https://glassesshop-res.cloudinary.com/c_fill,f_auto,fl_lossy,q_auto,w_800,h_400,c_pad/products/201910/5d9ffa702892a.jpg","
                                    Endicott
                                ",$29.95
https://www.glassesshop.com/eyeglasses/fz1520,"https://glassesshop-res.cloudinary.com/c_fill,f_auto,fl_lossy,q_auto,w_800,h_400,c_pad/products/202009/5f6c523dc0085.jpg","
                                    Christine
                                ",$59
https://www.glassesshop.com/eyeglasses/fm1494,"https://glassesshop-res.cloudinary.com/c_fill,f_auto,fl_lossy,q_auto,w_800,h_400,c_pad/products/202009/5f607fee293b0.jpg","
                                    Bevis
                                ",$49
https://www.glassesshop.com/eyeglasses/fp2113,"https://glassesshop-res.cloudinary.com/c_fill,f_auto,fl_lossy,q_auto,w_800,h_400,c_pad/products/202008/5f30d332883ff.jpg","
                                    Hattiesburg
                                ",$24.95
https://www.glassesshop.com/eyeglasses/fm1495,"https://glassesshop-res.cloudinary.com/c_fill,f_auto,fl_lossy,q_auto,w_800,h_400,c_pad/products/202009/5f607fef96863.jpg","
                                    Bevis
                                ",$49
https://www.glassesshop.com/eyeglasses/fp2003,"https://glassesshop-res.cloudinary.com/c_fill,f_auto,fl_lossy,q_auto,w_800,h_400,c_pad/products/201910/5da04f948e6ef.jpg","
                                    Guelph
                                ",$12.95
https://www.glassesshop.com/eyeglasses/sm0889,"https://glassesshop-res.cloudinary.com/c_fill,f_auto,fl_lossy,q_auto,w_800,h_400,c_pad/products/202011/5fa21df1786e8.jpg","
                                    Elaine
                                ",$39.95
